CREATE TABLE EMP
       (EMPNO NUMBER(4) NOT NULL,
        ENAME VARCHAR2(10),
        JOB VARCHAR2(9),
        MGR NUMBER(4),
        HIREDATE DATE,
        SAL NUMBER(7, 2),
        COMM NUMBER(7, 2),
        DEPTNO NUMBER(2));

INSERT INTO EMP VALUES
        (7369, 'SMITH',  'CLERK',     7902,
        TO_DATE('17-DEC-1980', 'DD-MON-YYYY'),  800, NULL, 20);
INSERT INTO EMP VALUES
        (7499, 'ALLEN',  'SALESMAN',  7698,
        TO_DATE('20-FEB-1981', 'DD-MON-YYYY'), 1600,  300, 30);
INSERT INTO EMP VALUES
        (7521, 'WARD',   'SALESMAN',  7698,
        TO_DATE('22-FEB-1981', 'DD-MON-YYYY'), 1250,  500, 30);
INSERT INTO EMP VALUES
        (7566, 'JONES',  'MANAGER',   7839,
        TO_DATE('2-APR-1981', 'DD-MON-YYYY'),  2975, NULL, 20);
INSERT INTO EMP VALUES
        (7654, 'MARTIN', 'SALESMAN',  7698,
        TO_DATE('28-SEP-1981', 'DD-MON-YYYY'), 1250, 1400, 30);
INSERT INTO EMP VALUES
        (7698, 'BLAKE',  'MANAGER',   7839,
        TO_DATE('1-MAY-1981', 'DD-MON-YYYY'),  2850, NULL, 30);
INSERT INTO EMP VALUES
        (7782, 'CLARK',  'MANAGER',   7839,
        TO_DATE('9-JUN-1981', 'DD-MON-YYYY'),  2450, NULL, 10);
INSERT INTO EMP VALUES
        (7788, 'SCOTT',  'ANALYST',   7566,
        TO_DATE('09-DEC-1982', 'DD-MON-YYYY'), 3000, NULL, 20);
INSERT INTO EMP VALUES
        (7839, 'KING',   'PRESIDENT', NULL,
        TO_DATE('17-NOV-1981', 'DD-MON-YYYY'), 5000, NULL, 10);
INSERT INTO EMP VALUES
        (7844, 'TURNER', 'SALESMAN',  7698,
        TO_DATE('8-SEP-1981', 'DD-MON-YYYY'),  1500,    0, 30);
INSERT INTO EMP VALUES
        (7876, 'ADAMS',  'CLERK',     7788,
        TO_DATE('12-JAN-1983', 'DD-MON-YYYY'), 1100, NULL, 20);
INSERT INTO EMP VALUES
        (7900, 'JAMES',  'CLERK',     7698,
        TO_DATE('3-DEC-1981', 'DD-MON-YYYY'),   950, NULL, 30);
INSERT INTO EMP VALUES
        (7902, 'FORD',   'ANALYST',   7566,
        TO_DATE('3-DEC-1981', 'DD-MON-YYYY'),  3000, NULL, 20);
INSERT INTO EMP VALUES
        (7934, 'MILLER', 'CLERK',     7782,
        TO_DATE('23-JAN-1982', 'DD-MON-YYYY'), 1300, NULL, 10);

CREATE TABLE DEPT
       (DEPTNO NUMBER(2),
        DNAME VARCHAR2(14),
        LOC VARCHAR2(13) );

INSERT INTO DEPT VALUES (10, 'ACCOUNTING', 'NEW YORK');
INSERT INTO DEPT VALUES (20, 'RESEARCH',   'DALLAS');
INSERT INTO DEPT VALUES (30, 'SALES',      'CHICAGO');
INSERT INTO DEPT VALUES (40, 'OPERATIONS', 'BOSTON');

CREATE TABLE BONUS
        (ENAME VARCHAR2(10),
         JOB   VARCHAR2(9),
         SAL   NUMBER,
         COMM  NUMBER);

CREATE TABLE SALGRADE
        (GRADE NUMBER,
         LOSAL NUMBER,
         HISAL NUMBER);

INSERT INTO SALGRADE VALUES (1,  700, 1200);
INSERT INTO SALGRADE VALUES (2, 1201, 1400);
INSERT INTO SALGRADE VALUES (3, 1401, 2000);
INSERT INTO SALGRADE VALUES (4, 2001, 3000);
INSERT INTO SALGRADE VALUES (5, 3001, 9999);

create table Products2
(trans_id Integer generated always as identity,
 continent varchar(10),
 country varchar(10),
 area varchar(10),
 region_type varchar(10),
 name varchar(10),
 sales Integer);

Insert into Products2(continent,country,area,region_type,name,sales)
Values('Asia','India','North','Rural','Nokia',200);
Insert into Products2(continent,country,area,region_type,name,sales) Values('Asia','India','North','Rural','Nokia',100);
Insert into Products2(continent,country,area,region_type,name,sales) Values('Asia','India','North','Rural','Nokia',500);
Insert into Products2(continent,country,area,region_type,name,sales) Values('Asia','India','North','Rural','Nokia',800);
Insert into Products2(continent,country,area,region_type,name,sales) Values('Asia','India','North','Urban','Nokia',1200);
Insert into Products2(continent,country,area,region_type,name,sales) Values('Asia','India','North','Urban','Nokia',1500);
Insert into Products2(continent,country,area,region_type,name,sales) Values('Asia','India','North','Urban','Nokia',1400);
Insert into Products2(continent,country,area,region_type,name,sales) Values('Asia','India','North','Urban','Nokia',1300);
Insert into Products2(continent,country,area,region_type,name,sales) Values('Asia','India','South','Rural','Nokia',100);
Insert into Products2(continent,country,area,region_type,name,sales) Values('Asia','India','South','Rural','Nokia',300);
Insert into Products2(continent,country,area,region_type,name,sales) Values('Asia','India','South','Urban','Nokia',1100);
Insert into Products2(continent,country,area,region_type,name,sales) Values('Asia','India','South','Urban','Nokia',2100);
Insert into Products2(continent,country,area,region_type,name,sales) Values('Asia','India','South','Urban','Nokia',3000);
Insert into Products2(continent,country,area,region_type,name,sales) Values('Europe','UK','North','Rural','Nokia',9000);
Insert into Products2(continent,country,area,region_type,name,sales) Values('Europe','UK','North','Rural','Nokia',10000);
Insert into Products2(continent,country,area,region_type,name,sales) Values('Europe','UK','North','Urban','Nokia',21000);
Insert into Products2(continent,country,area,region_type,name,sales) Values('Europe','UK','South','Urban','Nokia',26000);
Insert into Products2(continent,country,area,region_type,name,sales) Values('Europe','UK','South','Rural','Nokia',26000);
Insert into Products2(continent,country,area,region_type,name,sales) Values('Asia','India','North','Rural','Samsung',40);
Insert into Products2(continent,country,area,region_type,name,sales) Values('Asia','India','North','Rural','Samsung',80);
Insert into Products2(continent,country,area,region_type,name,sales) Values('Asia','India','North','Urban','Samsung',900);
Insert into Products2(continent,country,area,region_type,name,sales) Values('Asia','India','North','Urban','Samsung',400);
Insert into Products2(continent,country,area,region_type,name,sales) Values('Asia','India','South','Urban','Samsung',1400);
Insert into Products2(continent,country,area,region_type,name,sales) Values('Asia','India','South','Urban','Samsung',1500);
Insert into Products2(continent,country,area,region_type,name,sales) Values('Asia','India','South','Rural','Samsung',300);
Insert into Products2(continent,country,area,region_type,name,sales) Values('Asia','India','South','Rural','Samsung',400);
Insert into Products2(continent,country,area,region_type,name,sales) Values('Europe','UK','North','Rural','Samsung',40000);
Insert into Products2(continent,country,area,region_type,name,sales) Values('Europe','UK','North','Rural','Samsung',45000);
Insert into Products2(continent,country,area,region_type,name,sales) Values('Europe','UK','North','Urban','Samsung',90000);
Insert into Products2(continent,country,area,region_type,name,sales) Values('Europe','UK','North','Urban','Samsung',40000);
Insert into Products2(continent,country,area,region_type,name,sales) Values('Europe','UK','South','Urban','Samsung',3000);
Insert into Products2(continent,country,area,region_type,name,sales) Values('Europe','UK','South','Urban','Samsung',4000);
Insert into Products2(continent,country,area,region_type,name,sales) Values('Europe','UK','South','Rural','Samsung',8000);
Insert into Products2(continent,country,area,region_type,name,sales) Values('Europe','UK','South','Rural','Samsung',6000);
------------------------------------------------------------------------------------------------
Insert into Products2(continent,country,area,region_type,name,sales) Values
('Asia','China','North','Rural','Nokia',900);
Insert into Products2(continent,country,area,region_type,name,sales) Values
('Asia','China','North','Rural','Nokia',800);
Insert into Products2(continent,country,area,region_type,name,sales) Values
('Asia','China','North','Rural','Samsung',600);
Insert into Products2(continent,country,area,region_type,name,sales) Values
('Asia','China','North','Rural','Samsung',400);
Insert into Products2(continent,country,area,region_type,name,sales) Values
('Asia','China','North','Urban','Nokia',650);
Insert into Products2(continent,country,area,region_type,name,sales) Values
('Asia','China','North','Urban','Nokia',400);
Insert into Products2(continent,country,area,region_type,name,sales) Values
('Asia','China','North','Urban','Samsung',200);
Insert into Products2(continent,country,area,region_type,name,sales) Values
('Asia','China','North','Urban','Samsung',500);
Insert into Products2(continent,country,area,region_type,name,sales) Values
('Asia','China','South','Rural','Nokia',680);
Insert into Products2(continent,country,area,region_type,name,sales) Values
('Asia','China','South','Rural','Nokia',700);
Insert into Products2(continent,country,area,region_type,name,sales) Values
('Asia','China','South','Rural','Samsung',1000);
Insert into Products2(continent,country,area,region_type,name,sales) Values
('Asia','China','South','Rural','Samsung',1400);
Insert into Products2(continent,country,area,region_type,name,sales) Values
('Asia','China','South','Urban','Nokia',5000);
Insert into Products2(continent,country,area,region_type,name,sales) Values
('Asia','China','South','Urban','Nokia',3500);
Insert into Products2(continent,country,area,region_type,name,sales) Values
('Asia','China','South','Urban','Samsung',2000);
Insert into Products2(continent,country,area,region_type,name,sales) Values
('Asia','China','South','Urban','Samsung',3500);
Insert into Products2(continent,country,area,region_type,name,sales) Values
('Europe','France','North','Rural','Nokia',800);
Insert into Products2(continent,country,area,region_type,name,sales) Values
('Europe','France','North','Rural','Nokia',400);
Insert into Products2(continent,country,area,region_type,name,sales) Values
('Europe','France','North','Rural','Samsung',300);
Insert into Products2(continent,country,area,region_type,name,sales) Values
('Europe','France','North','Rural','Samsung',600);
Insert into Products2(continent,country,area,region_type,name,sales) Values
('Europe','France','North','Urban','Nokia',4000);
Insert into Products2(continent,country,area,region_type,name,sales) Values
('Europe','France','North','Urban','Nokia',3000);
Insert into Products2(continent,country,area,region_type,name,sales) Values
('Europe','France','North','Urban','Samsung',450);
Insert into Products2(continent,country,area,region_type,name,sales) Values
('Europe','France','North','Urban','Samsung',550);
Insert into Products2(continent,country,area,region_type,name,sales) Values
('Europe','France','South','Rural','Nokia',300);
Insert into Products2(continent,country,area,region_type,name,sales) Values
('Europe','France','South','Rural','Nokia',400);
Insert into Products2(continent,country,area,region_type,name,sales) Values
('Europe','France','South','Rural','Samsung',1000);
Insert into Products2(continent,country,area,region_type,name,sales) Values
('Europe','France','South','Rural','Samsung',400);
Insert into Products2(continent,country,area,region_type,name,sales) Values
('Europe','France','South','Urban','Nokia',800);
Insert into Products2(continent,country,area,region_type,name,sales) Values
('Europe','France','South','Urban','Nokia',600);
Insert into Products2(continent,country,area,region_type,name,sales) Values
('Europe','France','South','Urban','Samsung',700);
Insert into Products2(continent,country,area,region_type,name,sales) Values
('Europe','France','South','Urban','Samsung',800);
Commit;

create table Asia
(TrID Integer Not Null,
 Country Varchar(20) Not Null,
 PName Varchar(40),
 Amount Integer Not Null,
 YOT Integer);
 
Insert into Asia Values(1,'India','Laptop', 25000, '2017');
Insert into Asia Values(2,'India','Mobile', 10000, '2018');
Insert into Asia Values(3,'China','Laptop',15000 , '2017');
Insert into Asia Values(4,'China','Mobile',80000 , '2018');
Insert into Asia Values(5,'Singapore','Laptop',90000 , '2017');
Insert into Asia Values(6,'Singapore','Mobile',18000 , '2018');
Insert into Asia Values(7,'Malaysia','Laptop',12000 , '2017');
Insert into Asia Values(8,'Malaysia','Mobile',28000 , '2018');
Insert into Asia Values(9,'India','Laptop', 14000, '2017');
Insert into Asia Values(10,'India','Mobile', 70000, '2018');
Insert into Asia Values(11,'China','Laptop',25000 , '2017');
Insert into Asia Values(12,'China','Mobile',19000 , '2018');
Insert into Asia Values(13,'Singapore','Laptop',100000 , '2017');
Insert into Asia Values(14,'Singapore','Mobile',35000 , '2018');
Insert into Asia Values(15,'Malaysia','Laptop',43000 , '2017');
Insert into Asia Values(16,'Malaysia','Mobile',45000 , '2018');
commit;

Create table test_nulls
(string varchar(10),
 description varchar(70)
 );

 Insert into test_nulls Values('a','Actual Value Entered');
 Insert into test_nulls Values(' ','white space');
 Insert into test_nulls Values('','Single quotes opened and closed, zero length');
 Insert into test_nulls Values(Null,'Null explicitly mentioned');
 commit;

-- Air_Code table is meant for the example of case function
create table Air_codes
(Code Varchar2(5));

Insert Into Air_Codes Values('L-N');
Insert Into Air_Codes Values('P-M');
Insert Into Air_Codes Values('S-C');
commit;

create table cust_credit_details
(custid char(3),
 custname varchar2(20),
 credit_used number,
 total_approved number,
 check(credit_used <= total_approved));

Insert Into cust_credit_details Values('C1','John', 5000, 7000);
Insert Into cust_credit_details Values('C2','Martin',4000,4000);
Insert Into cust_credit_details Values('C3','Smith',3500,4000);
Insert Into cust_credit_details Values('C4','King',20000,20000);
commit;

create table Identification
(empid number,
ename varchar2(30) NOT NULL,
passport_number char(15) check(substr(passport_number,1,3) = 'PS-'),
license_number char(15) check(substr(license_number,1,3) = 'LN-'),
pan char(15) check(substr(pan,1,3) = 'PN-'),
credit_card_number char(15) check(substr(credit_card_number,1,3) = 'CC-'),
account_number char(15) check(substr(account_number,1,3) = 'AN-'),
unique(passport_number),
unique(license_number),
unique(pan),
unique(credit_card_number),
unique(account_number),
PRIMARY KEY(EMPID)
);

insert into identification values(1,'John',null,null,'PN-78654','CC-12345','AN-3456');
insert into identification values(2,'Martin','PS-566774',null,null,null,null);
insert into identification values(3,'Smith',null,null,null,null,null);
insert into identification values(4,'Roger',null,null,null,null,'AN-9876');
insert into identification values(5,'King',null,null,null,'CC-8787','AN-9878');
commit;

-- Join on more than 2 tables
create table e
(empno Integer,
ename varchar(10),
deptno Integer);

create table d
(deptno Integer,
dname varchar(10),
pcode varchar(5));

create  table p
(pcode varchar(5),	
pname varchar(10));

--Insert records in e
insert into e
values(1,'A',10);
insert into e
values(2,'B',20);
insert into e
values(3,'C',30);
insert into e
values(4,'D',20);

-- Insert records in d
insert into d
values(10,'Prod','P1');
insert into d
values(20,'Maint','P2');
insert into d
values(30,'Insp','P1');
 
--Insert records in p
insert into p
values('P1','Nuts');
insert into p
values('P2','Bolts');
insert into p	
values('P3','Gears');
commit;


create table Users
(UserID varchar(3) Primary Key,
Username varchar(30)
);

create table Privileges
(PrivID varchar(3) Primary Key,
 PrivName varchar(30)
 );
 
create table UPM
(UserID varchar(3)  References users,
PrivID varchar(3) References privileges,
Date_of_Permission Date,
Assigned_By varchar(30),
Reason varchar(500)
);

Insert into Users Values('U1','Smith');
Insert into Users Values('U2','Martin');
Insert into Users Values('U3','Allen');

Insert into Privileges Values('P1','Select');
Insert into Privileges Values('P2','Insert');
Insert into Privileges Values('P3','Update');
Insert into Privileges Values('P4','Delete');

Insert into UPM Values('U1','P1','12-Dec-2018','Roger','Project Usage');
Insert into UPM Values('U1','P2','27-Jan-2019','Roger','Project Usage');
Insert into UPM Values('U1','P4','31-Mar-2019','King','POC Usage');
Insert into UPM Values('U2','P3','21-Dec-2018','Roger','Project Usage');
Insert into UPM Values('U3','P2','2-Jan-2019','James','Client Demo Usage');
Insert into UPM Values('U3','P4','6-Jan-2019','James','Client Demo Usage');
commit;

-- Outer Join tables
create table emp1
(empno varchar(5),
ename varchar(15),
deptno Integer);

create table dept1
(deptno Integer,
dname varchar(20));


insert into emp1
values('E1','Smith',10);
insert into emp1
values('E2','Roger',20);
insert into emp1
values('E3','Martin',10);
insert into emp1
values('E4','Kim',30);
insert into emp1
values('E5','Glen',70);
insert into emp1
values('E6','Richards',80);


insert into dept1
values(10,'Accounts');
insert into dept1
values(20,'Production');
insert into dept1
values(30,'Marketing');
insert into dept1
values(40,'Inspection');
insert into dept1
values(50,'Research');
commit;

create table rates
(scheme char(2),
 roi float);

create table period
(code char(5),
 month float);

insert into rates
values('s1',5);
insert into rates
values('s2',5.5);
insert into rates
values('s3',6);
insert into rates
values('s4',6.5);
insert into rates
values('s5',7);
insert into rates
values('s6',7.5);
insert into rates
values('s7',8);

insert into period
values('c1',1);
insert into period
values('c2',2);
insert into period
values('c3',3);
insert into period
values('c4',4);
insert into period
values('c5',5);
insert into period
values('c6',6);
insert into period
values('c7',7);
insert into period
values('c8',8);
insert into period
values('c9',9);
insert into period
values('c10',10);
insert into period
values('c11',11);
insert into period
values('c12',12);
commit;

create table India
(TrID Varchar(20),
 Pname Varchar(40),
 Qty Integer,
 DOP Date,
 Amount Integer);

create table Australia
(TrID Varchar(20),
 Pname Varchar(40),
 Qty Integer,
 DOP Date,
 Amount Integer);

Insert into India Values('Ind_101_C1','Washing Machine',1,'01-Jan-2019',20000);
Insert into India Values('Ind_102_C3','LCD',1,'01-Jan-2019',25000);
Insert into India Values('Ind_103_C2','LCD',1,'01-Jan-2019',20000);
Insert into India Values('Ind_104_C2','LCD',1,'04-Jan-2019',19000);
Insert into India Values('Ind_105_C1','Refrigerator',1,'04-Jan-2019',19000);
Insert into India Values('Ind_106_C1','Refrigerator',1,'05-Jan-2019',20000);
Insert into India Values('Ind_107_C3','Washing Machine',1,'05-Jan-2019',20000);
Insert into India Values('Ind_108_C4','Washing Machine',1,'08-Jan-2019',25000);
Insert into India Values('Ind_109_C1','Refrigerator',1,'11-Jan-2019',10000);
Insert into India Values('Ind_110_C2','LCD',1,'12-Jan-2019',25000);
Insert into India Values('Ind_111_C2','Washing Machine',1,'12-Jan-2019',19000);
Insert into India Values('Ind_112_C3','LCD',1,'15-Jan-2019',20000);
Insert into India Values('Ind_113_C4','LCD',1,'17-Jan-2019',20000);
Insert into India Values('Ind_114_C3','Washing Machine',1,'18-Jan-2019',25000);
Insert into India Values('Ind_115_C1','Washing Machine',1,'19-Jan-2019',19000);
Insert into India Values('Ind_116_C1','Refrigerator',1,'19-Jan-2019',10000);
Insert into India Values('Ind_117_C3','Chairs',4,'20-Jan-2019',20000);
Insert into India Values('Ind_118_C2','Chairs',6,'20-Jan-2019',30000);
Insert into India Values('Ind_119_C1','LCD',2,'26-Jan-2019',20000);
Insert into India Values('Ind_120_C2','Washing Machine',1,'27-Jan-2019',25000);

 ----------------------------------------------------------------------------------------
Insert into Australia Values('Aus_101_C1','LCD',1,'01-Jan-2019',25000);
Insert into Australia Values('Aus_102_C1','Dinning Table',1,'01-Jan-2019',25000);
Insert into Australia Values('Aus_103_C2','Dinning Table',1,'03-Jan-2019',10000);
Insert into Australia Values('Aus_104_C3','Sofa',1,'05-Jan-2019',10000);
Insert into Australia Values('Aus_105_C3','Washing Machine',12,'05-Jan-2019',60000);
Insert into Australia Values('Aus_106_C4','LCD',1,'06-Jan-2019',20000);
Insert into Australia Values('Aus_107_C2','LCD',1,'06-Jan-2019',25000);
Insert into Australia Values('Aus_108_C4','LCD',2,'09-Jan-2019',50000);
Insert into Australia Values('Aus_109_C1','Sofa',1,'11-Jan-2019',25000);
Insert into Australia Values('Aus_110_C2','Sofa',2,'12-Jan-2019',10000);
Insert into Australia Values('Aus_111_C3','Sofa',10,'13-Jan-2019',50000);
Insert into Australia Values('Aus_112_C3','Washing Machine',5,'16-Jan-2019',25000);
Insert into Australia Values('Aus_113_C4','LCD',1,'16-Jan-2019',20000);
Insert into Australia Values('Aus_114_C1','LCD',1,'18-Jan-2019',25000);
Insert into Australia Values('Aus_115_C2','LCD',1,'18-Jan-2019',25000);
Insert into Australia Values('Aus_116_C3','LCD',1,'18-Jan-2019',25000);
Insert into Australia Values('Aus_117_C4','LCD',1,'22-Jan-2019',25000);
Insert into Australia Values('Aus_118_C1','LCD',1,'22-Jan-2019',25000);
Insert into Australia Values('Aus_119_C4','Sofa',1,'26-Jan-2019',25000);
Insert into Australia Values('Aus_120_C2','Sofa',2,'27-Jan-2019',10000);
Insert into Australia Values('Aus_121_C3','Refrigerator',4,'27-Jan-2019',20000);
Insert into Australia Values('Aus_122_C1','Sofa',1,'29-Jan-2019',19000);
Insert into Australia Values('Aus_123_C3','Refrigerator',20,'29-Jan-2019',100000);
Insert into Australia Values('Aus_124_C2','Refrigerator',1,'30-Jan-2019',19000);
commit;

create table mech
(rollno integer,
 marks integer);

create table comp
(rollno integer,
marks integer);

insert into mech values (101,90);
insert into mech values (102,56);
insert into mech values (103,78);
insert into mech values (104,35);
insert into mech values (105,100);
insert into mech values (106,56);

insert into comp values(201,78);
insert into comp values(202,88);
insert into comp values(203,43);
insert into comp values(204,56);
insert into comp values(205,59);

create table data1
(a int,
 b varchar(4)
 );
 
create table data2
(a int,
 b varchar(8)
 );
 
 Insert into data1 Values(1, 'abcd');
 Insert into data1 Values(2, 'efgh');
 
 Insert into data2 Values(1, 'pqrsjklo');
 Insert into data2 Values(2, 'qwertyab');
commit;

create table PCodes
(Code Varchar(20),
 Qty Int);
 
 Insert Into PCodes
 Values('A01', 10);
 Insert Into PCodes
 Values('AB01', 20);
 Insert Into PCodes
 Values('ABC01',30);
 Insert Into PCodes
 Values('ABCD01',25);
 Insert Into PCodes
 Values('P01',35);
 Insert Into PCodes
 Values('PQ04',27);
 Insert Into PCodes
 Values('PQR01',29);
 Insert Into PCodes
 Values('01',28);
 Insert Into PCodes
 Values('A%C01',31);
 Insert Into PCodes
 Values('A%D01',32);
 Insert Into PCodes
 Values('AB_01',33);

commit;














